-- phpMyAdmin SQL Dump
-- version 5.2.0
-- https://www.phpmyadmin.net/
--
-- Hôte : 127.0.0.1:3306
-- Généré le : jeu. 04 mai 2023 à 10:57
-- Version du serveur : 8.0.31
-- Version de PHP : 8.0.26

SET SQL_MODE = "NO_AUTO_VALUE_ON_ZERO";
START TRANSACTION;
SET time_zone = "+00:00";


/*!40101 SET @OLD_CHARACTER_SET_CLIENT=@@CHARACTER_SET_CLIENT */;
/*!40101 SET @OLD_CHARACTER_SET_RESULTS=@@CHARACTER_SET_RESULTS */;
/*!40101 SET @OLD_COLLATION_CONNECTION=@@COLLATION_CONNECTION */;
/*!40101 SET NAMES utf8mb4 */;

--
-- Base de données : `voca`
--

-- --------------------------------------------------------

--
-- Structure de la table `alphabets`
--

DROP TABLE IF EXISTS `alphabets`;
CREATE TABLE IF NOT EXISTS `alphabets` (
  `id` int NOT NULL AUTO_INCREMENT,
  `alphabet_name` varchar(60) DEFAULT NULL,
  `alphabet_code` varchar(10) DEFAULT NULL,
  PRIMARY KEY (`id`),
  UNIQUE KEY `alphabet_name` (`alphabet_name`)
) ENGINE=MyISAM AUTO_INCREMENT=5 DEFAULT CHARSET=utf8mb4 COLLATE=utf8mb4_0900_ai_ci;

--
-- Déchargement des données de la table `alphabets`
--

INSERT INTO `alphabets` (`id`, `alphabet_name`, `alphabet_code`) VALUES
(1, 'latin', 'eu'),
(2, 'عربية', 'sa'),
(3, '仮名', 'jp'),
(4, '한국어', 'kr');

-- --------------------------------------------------------

--
-- Structure de la table `characters`
--

DROP TABLE IF EXISTS `characters`;
CREATE TABLE IF NOT EXISTS `characters` (
  `id` int NOT NULL AUTO_INCREMENT,
  `alphabet_id` int DEFAULT NULL,
  `character` varchar(30) DEFAULT NULL,
  PRIMARY KEY (`id`),
  KEY `alphabets_id` (`alphabet_id`)
) ENGINE=MyISAM AUTO_INCREMENT=30 DEFAULT CHARSET=utf8mb4 COLLATE=utf8mb4_0900_ai_ci;

--
-- Déchargement des données de la table `characters`
--

INSERT INTO `characters` (`id`, `alphabet_id`, `character`) VALUES
(1, 1, 'a'),
(2, 1, 'b'),
(7, 1, 'c'),
(9, 1, 'd'),
(10, 1, 'e'),
(12, 1, 'g'),
(13, 1, 'k'),
(14, 1, 'ka'),
(15, 1, 'ma'),
(16, 1, 'sa'),
(17, 1, 'ta'),
(18, 1, 'na'),
(19, 1, 'ha'),
(20, 1, 'ya'),
(21, 1, 'ra'),
(22, 1, 'wa'),
(23, 1, 'ga'),
(24, 1, 'da'),
(25, 1, 'ba'),
(26, 1, 'pa'),
(27, 1, 'ja'),
(28, 1, 'cha'),
(29, 1, 'sha');

-- --------------------------------------------------------

--
-- Structure de la table `languages`
--

DROP TABLE IF EXISTS `languages`;
CREATE TABLE IF NOT EXISTS `languages` (
  `id` int NOT NULL AUTO_INCREMENT,
  `language_name` varchar(60) DEFAULT NULL,
  `language_code` varchar(10) DEFAULT NULL,
  PRIMARY KEY (`id`),
  UNIQUE KEY `language_name` (`language_name`)
) ENGINE=MyISAM AUTO_INCREMENT=11 DEFAULT CHARSET=utf8mb4 COLLATE=utf8mb4_0900_ai_ci;

--
-- Déchargement des données de la table `languages`
--

INSERT INTO `languages` (`id`, `language_name`, `language_code`) VALUES
(1, 'français', 'fr'),
(2, 'english', 'gb'),
(3, '한국어', 'kr'),
(4, 'español', 'es'),
(5, 'عربية', 'sa'),
(6, 'arabe', 'sa'),
(7, '日本', 'jp'),
(8, 'japanese', 'jp'),
(9, 'português', 'pt'),
(10, 'deutsch', 'de');

-- --------------------------------------------------------

--
-- Structure de la table `translations`
--

DROP TABLE IF EXISTS `translations`;
CREATE TABLE IF NOT EXISTS `translations` (
  `id` int NOT NULL AUTO_INCREMENT,
  `word_id` int DEFAULT NULL,
  `language_id` int DEFAULT NULL,
  `translation` varchar(255) DEFAULT NULL,
  `difficulty_level` int DEFAULT NULL,
  PRIMARY KEY (`id`),
  KEY `word_id` (`word_id`),
  KEY `language_id` (`language_id`)
) ENGINE=MyISAM AUTO_INCREMENT=853 DEFAULT CHARSET=utf8mb4 COLLATE=utf8mb4_0900_ai_ci;

--
-- Déchargement des données de la table `translations`
--

INSERT INTO `translations` (`id`, `word_id`, `language_id`, `translation`, `difficulty_level`) VALUES
(1, 1, 2, 'dog', 0),
(2, 1, 3, '개', 0),
(3, 2, 2, 'cat', 0),
(4, 3, 2, 'hello', 0),
(5, 3, 3, '안녕하세요', 0),
(6, 1, 1, 'chien', 0),
(7, 2, 1, 'chat', 0),
(8, 3, 1, 'bonjour', 0),
(9, 2, 3, '고양이', 0),
(10, 5, 1, 'merci', 0),
(12, 5, 4, 'gracias', 0),
(13, 5, 3, '감사합니다', 0),
(14, 5, 5, 'شكرًا', 0),
(15, 5, 6, 'shukran', 0),
(16, 1, 5, 'كلب', 0),
(17, 1, 6, 'kalb', 0),
(19, 5, 2, 'thank you', 0),
(20, 13, 1, 'garçon', 0),
(21, 14, 1, 'fille', 0),
(22, 14, 2, 'girl', 0),
(23, 14, 4, 'chica', 0),
(24, 1, 4, 'perro', 0),
(26, 2, 4, 'gato', 0),
(27, 2, 5, 'قط', 0),
(28, 2, 6, '9it', 0),
(29, 3, 4, 'hola', 0),
(30, 3, 5, 'أهلا', 0),
(31, 3, 6, 'ahlan', 0),
(32, 13, 2, 'boy', 0),
(33, 14, 3, '소녀', 0),
(34, 14, 5, 'بنت', 0),
(35, 14, 6, 'bint', 0),
(36, 13, 3, '소년', 0),
(37, 13, 4, 'niño', 0),
(38, 13, 5, 'ولد', 0),
(39, 13, 6, 'walad', 0),
(40, 15, 1, 'au revoir', 0),
(41, 15, 2, 'goodbye', 0),
(42, 15, 3, '안녕히 가세요', 0),
(43, 15, 4, 'adiós', 0),
(44, 15, 5, 'مع السلامة', 0),
(45, 15, 6, 'ma3a salama', 0),
(46, 15, 7, 'さようなら', 0),
(47, 15, 8, 'sayonara', 0),
(48, 16, 1, 'frère', 0),
(49, 16, 2, 'brother', 0),
(50, 16, 3, '형제', 0),
(51, 16, 4, 'hermano', 0),
(52, 16, 5, 'أخ ', 0),
(53, 16, 6, 'akh', 0),
(54, 16, 7, '兄弟', 0),
(55, 16, 8, 'kyoudai', 0),
(56, 17, 1, 'sœur', 0),
(57, 17, 2, 'sister', 0),
(58, 17, 3, '여자 형제', 0),
(59, 17, 4, 'hermana', 0),
(60, 17, 5, 'أخت', 0),
(61, 17, 6, 'ukht', 0),
(62, 17, 7, 'いもうと', 0),
(63, 17, 8, 'imouto', 0),
(64, 18, 1, 'fils', 0),
(65, 18, 2, 'son', 0),
(66, 18, 3, '아들', 0),
(67, 18, 4, 'hijo', 0),
(68, 18, 5, 'ابن', 0),
(69, 18, 6, 'ibn', 0),
(70, 18, 7, '息子', 0),
(71, 18, 8, 'musuko', 0),
(72, 19, 1, 'demain', 0),
(97, 1, 7, '犬', 0),
(74, 19, 2, 'tomorrow', 0),
(75, 19, 3, '내일', 0),
(76, 19, 4, 'mañana', 0),
(77, 19, 5, 'غداً', 0),
(78, 19, 6, 'ghadan', 0),
(79, 19, 7, 'あした', 0),
(80, 19, 8, 'ashita', 0),
(81, 20, 1, 'manger', 0),
(82, 20, 2, 'to eat', 0),
(83, 20, 3, '먹다', 0),
(84, 20, 4, 'comer', 0),
(85, 20, 5, 'يأكل', 0),
(86, 20, 6, 'ya\'kul', 0),
(87, 20, 7, '食べる', 0),
(88, 20, 8, 'taberu', 0),
(89, 21, 1, 'boire', 0),
(90, 21, 2, 'drink', 0),
(91, 21, 7, 'のむ', 0),
(92, 21, 8, 'nomu', 0),
(93, 21, 4, 'beber', 0),
(94, 21, 3, '마시다', 0),
(95, 21, 5, 'شرب', 0),
(96, 21, 6, 'shariba', 0),
(98, 1, 7, 'いぬ', 0),
(99, 1, 8, 'inu', 0),
(100, 2, 7, 'ねこ', 0),
(101, 2, 8, 'neko', 0),
(102, 3, 7, 'こんにちは', 0),
(103, 3, 8, 'konnichiwa', 0),
(104, 5, 7, 'ありがとう', 0),
(105, 5, 8, 'arigatou', 0),
(106, 14, 7, '女の子', 0),
(107, 14, 8, 'onna no ko', 0),
(189, 29, 2, 'yes', NULL),
(110, 22, 1, 'moi', 0),
(111, 23, 1, 'donner', 0),
(112, 23, 2, 'to give', NULL),
(113, 23, 3, '주다', NULL),
(114, 23, 4, 'dar', NULL),
(115, 23, 5, 'يعطي', NULL),
(116, 23, 6, 'i\'ta', NULL),
(117, 23, 7, 'あげる', NULL),
(118, 23, 7, 'アゲル', NULL),
(119, 23, 8, 'ageru', NULL),
(120, 22, 2, 'me', NULL),
(121, 22, 3, '나', NULL),
(122, 22, 4, 'yo', NULL),
(123, 22, 5, 'أنا', NULL),
(124, 22, 6, 'ana', NULL),
(125, 22, 7, '私', NULL),
(126, 22, 7, 'わたし', NULL),
(127, 22, 8, 'watashi', NULL),
(128, 24, 1, 's\'il te plaît', 0),
(190, 29, 3, '네', NULL),
(130, 24, 2, 'please', NULL),
(131, 24, 3, '제발', NULL),
(132, 24, 4, 'por favor', NULL),
(133, 24, 5, 'من فضلك', NULL),
(134, 24, 6, 'min fadlek', NULL),
(135, 24, 7, 'お願いします', NULL),
(136, 24, 8, 'Onegaishimasu', NULL),
(137, 25, 1, 'excusez-moi', 0),
(138, 26, 1, 'Comment allez-vous?', 0),
(139, 27, 1, 'Je vais bien', 0),
(140, 28, 1, 'Et toi?', 0),
(141, 29, 1, 'Oui', 0),
(142, 30, 1, 'Non', 0),
(143, 31, 1, 'Peut-être', 0),
(144, 32, 1, 'Aujourd\'hui', 0),
(145, 33, 1, 'Hier', 0),
(146, 34, 1, 'Maintenant', 0),
(147, 35, 1, 'Plus tard', 0),
(148, 36, 1, 'Matin', 0),
(149, 37, 1, 'Après-midi', 0),
(150, 38, 1, 'Soir', 0),
(151, 39, 1, 'Nuit', 0),
(152, 40, 1, 'Semaine', 0),
(153, 41, 1, 'Mois', 0),
(161, 25, 2, 'excuse me', NULL),
(165, 25, 6, '3afwan', NULL),
(164, 25, 5, 'عفوا', NULL),
(163, 25, 4, 'disculpe', NULL),
(162, 25, 3, '실례합니다', NULL),
(166, 25, 7, 'すみません', NULL),
(167, 25, 8, 'sumimasen', NULL),
(168, 26, 2, 'how are you?', NULL),
(169, 26, 3, '어떻게 지내세요?', NULL),
(170, 26, 4, '¿Cómo estás?', NULL),
(171, 26, 5, 'كيف حالك؟', NULL),
(172, 26, 6, 'kayf 7alk?', NULL),
(173, 26, 7, 'お元気ですか？', NULL),
(174, 26, 8, 'ogenki desu ka?', NULL),
(175, 27, 2, 'I am doing well', NULL),
(176, 27, 3, '괜찮아요', NULL),
(177, 27, 4, 'Estoy bien', NULL),
(178, 27, 5, 'أنا بخير', NULL),
(179, 27, 6, 'ana bekhair', NULL),
(180, 27, 7, '元気です', NULL),
(181, 27, 8, 'genki desu', NULL),
(182, 28, 2, 'And you?', NULL),
(183, 28, 3, '그리고 당신은?', NULL),
(184, 28, 4, '¿Y tú?', NULL),
(185, 28, 5, 'وأنت؟', NULL),
(186, 28, 6, 'Wa anta?', NULL),
(187, 28, 7, 'そしてあなたは？', NULL),
(188, 28, 8, 'Soshite anata wa?', NULL),
(191, 29, 4, 'sí', NULL),
(192, 29, 5, 'نعم', NULL),
(193, 29, 6, 'na3am', NULL),
(194, 29, 7, 'はい', NULL),
(195, 29, 8, 'hai', NULL),
(196, 30, 2, 'no', NULL),
(197, 30, 3, '아니요', NULL),
(198, 30, 4, 'no', NULL),
(199, 30, 5, 'لا', NULL),
(200, 30, 6, 'la', NULL),
(201, 30, 7, 'いいえ', NULL),
(202, 30, 8, 'iie', NULL),
(216, 31, 7, 'かもしれません', NULL),
(215, 31, 6, 'rubamaan', NULL),
(214, 31, 5, 'ربما', NULL),
(213, 31, 4, 'quizá', NULL),
(212, 31, 3, '어쩌면', NULL),
(211, 31, 2, 'maybe', NULL),
(217, 31, 8, 'kamoshiremasen', NULL),
(218, 32, 2, 'today', NULL),
(219, 32, 3, '오늘', NULL),
(220, 32, 4, 'hoy', NULL),
(221, 32, 5, 'اليوم', NULL),
(222, 32, 6, 'al-yawm', NULL),
(223, 32, 7, '今日', NULL),
(224, 32, 8, 'kyou', NULL),
(225, 33, 2, 'yesterday', NULL),
(226, 33, 3, '어제', NULL),
(227, 33, 4, 'ayer', NULL),
(228, 33, 5, 'الأمس', NULL),
(229, 33, 6, 'ams', NULL),
(230, 33, 7, '昨日', NULL),
(231, 33, 8, 'kinou', NULL),
(232, 34, 2, 'now', NULL),
(233, 34, 3, '지금', NULL),
(234, 34, 4, 'ahora', NULL),
(235, 34, 5, 'الآن', NULL),
(236, 34, 6, 'al 2an', NULL),
(237, 34, 7, '今', NULL),
(238, 34, 8, 'ima', NULL),
(239, 35, 2, 'later', NULL),
(240, 35, 3, '나중에', NULL),
(241, 35, 4, 'más tarde', NULL),
(242, 35, 5, 'فيما بعد', NULL),
(243, 35, 6, 'fima ba3d', NULL),
(244, 35, 7, '後で', NULL),
(245, 35, 8, 'ato de', NULL),
(246, 36, 2, 'morning', NULL),
(247, 36, 3, '아침', NULL),
(248, 36, 4, 'mañana', NULL),
(249, 36, 5, 'صباح', NULL),
(250, 36, 6, 'ṣabā7', NULL),
(251, 36, 7, 'あさ', NULL),
(252, 36, 8, 'asa', NULL),
(253, 37, 2, 'afternoon', NULL),
(254, 37, 3, '오후', NULL),
(255, 37, 4, 'tarde', NULL),
(256, 37, 5, 'بعد الظهر', NULL),
(257, 37, 6, 'ba3d aldhohr', NULL),
(258, 37, 7, 'ごご', NULL),
(259, 37, 8, 'gogo', NULL),
(260, 38, 2, 'evening', NULL),
(261, 38, 3, '저녁', NULL),
(262, 38, 4, 'tarde', NULL),
(263, 38, 5, 'مساء', NULL),
(264, 38, 6, 'masa', NULL),
(265, 38, 7, 'よる', NULL),
(266, 38, 8, 'yoru', NULL),
(267, 39, 2, 'night', NULL),
(268, 39, 3, '밤', NULL),
(269, 39, 4, 'noche', NULL),
(270, 39, 5, 'ليل', NULL),
(271, 39, 6, 'layle', NULL),
(272, 39, 7, 'よる', NULL),
(273, 39, 8, 'yoru', NULL),
(274, 40, 2, 'week', NULL),
(275, 40, 3, '주', NULL),
(276, 40, 4, 'semana', NULL),
(277, 40, 5, 'أسبوع', NULL),
(278, 40, 6, 'asbu', NULL),
(279, 40, 7, 'しゅうかん', NULL),
(280, 40, 8, 'shūkan', NULL),
(281, 41, 2, 'month', NULL),
(282, 41, 3, '달', NULL),
(283, 41, 4, 'mes', NULL),
(284, 41, 5, 'شهر', NULL),
(285, 41, 6, 'shahr', NULL),
(286, 41, 7, '月', NULL),
(287, 41, 8, 'tsuki', NULL),
(288, 42, 1, 'école', 0),
(289, 42, 2, 'school', NULL),
(290, 42, 3, '학교', NULL),
(291, 42, 4, 'escuela', NULL),
(292, 42, 5, 'مدرسة', NULL),
(293, 42, 6, 'madrasa', NULL),
(294, 42, 7, '学校', NULL),
(295, 42, 8, 'gakkou', NULL),
(296, 43, 1, 'professeur', 0),
(297, 43, 2, 'teacher', NULL),
(298, 43, 3, '교사', NULL),
(299, 43, 4, 'profesor', NULL),
(300, 43, 5, 'أستاذ', NULL),
(301, 43, 6, 'ustadh', NULL),
(302, 43, 7, '先生', NULL),
(303, 43, 8, 'sensei', NULL),
(304, 44, 1, 'entreprise', 0),
(305, 44, 2, 'business', NULL),
(306, 44, 3, '회사', NULL),
(307, 44, 4, 'empresa', NULL),
(308, 44, 5, 'شركة', NULL),
(309, 44, 6, 'sharika', NULL),
(310, 44, 7, '会社', NULL),
(311, 44, 8, 'kaisha', NULL),
(312, 45, 1, 'football', 0),
(313, 46, 1, 'science', 0),
(314, 47, 1, 'gentil', 0),
(315, 48, 1, 'mignon', 0),
(316, 49, 1, 'gros', 0),
(317, 50, 1, 'grand', 0),
(318, 51, 1, 'fort', 0),
(319, 52, 1, 'faible', 0),
(320, 45, 2, 'football', NULL),
(321, 45, 3, '축구', NULL),
(322, 45, 4, 'fútbol', NULL),
(323, 45, 5, 'كرة القدم', NULL),
(324, 45, 6, 'kurat alqadam', NULL),
(325, 45, 7, 'サッカー', NULL),
(326, 45, 8, 'sakkā', NULL),
(327, 52, 2, 'weak', NULL),
(328, 52, 3, '약한', NULL),
(329, 52, 4, 'débil', NULL),
(330, 52, 5, 'ضعيف', NULL),
(331, 52, 6, 'da3if', NULL),
(332, 52, 7, '弱い', NULL),
(333, 52, 8, 'yowai', NULL),
(334, 51, 2, 'strong', NULL),
(335, 51, 3, '강한', NULL),
(336, 51, 4, 'fuerte', NULL),
(337, 51, 5, 'قوي', NULL),
(338, 51, 6, '9awi', NULL),
(339, 51, 7, '強い', NULL),
(340, 51, 8, 'tsuyoi', NULL),
(341, 49, 2, 'big', NULL),
(342, 49, 3, '큰', NULL),
(343, 49, 4, 'grande', NULL),
(344, 49, 5, 'كبير', NULL),
(345, 49, 6, 'kabir', NULL),
(346, 49, 7, '大きい', NULL),
(347, 49, 8, 'ookii', NULL),
(348, 48, 2, 'cute', NULL),
(349, 48, 3, '귀여운', NULL),
(350, 48, 4, 'lindo', NULL),
(351, 48, 5, 'لطيف', NULL),
(352, 48, 6, 'latif', NULL),
(353, 48, 7, 'かわいい', NULL),
(354, 48, 8, 'kawaii', NULL),
(355, 47, 2, 'kind', NULL),
(356, 47, 3, '친절한', NULL),
(357, 47, 4, 'amable', NULL),
(358, 47, 5, 'لطيف', NULL),
(359, 47, 6, 'latif', NULL),
(360, 47, 7, '親切な', NULL),
(361, 47, 8, 'shinsetsu na', NULL),
(362, 46, 2, 'science', NULL),
(363, 46, 3, '과학', NULL),
(364, 46, 4, 'ciencia', NULL),
(365, 46, 5, 'علم', NULL),
(366, 46, 6, '3ilm', NULL),
(367, 46, 7, '科学', NULL),
(368, 46, 7, 'かがく', NULL),
(369, 46, 8, 'kagaku', NULL),
(370, 50, 2, 'big', NULL),
(371, 50, 3, '큰', NULL),
(372, 50, 4, 'grande', NULL),
(373, 50, 5, 'كبير', NULL),
(374, 50, 6, 'kabir', NULL),
(375, 50, 7, '大きい', NULL),
(376, 50, 8, 'ookii', NULL),
(377, 53, 1, 'téléphone', 0),
(378, 54, 1, 'livre', 0),
(379, 55, 1, 'pantalon', 0),
(380, 56, 1, 'chaussures', 0),
(381, 57, 1, 'cheveux', 0),
(382, 58, 1, 'main', 0),
(383, 59, 1, 'pied', 0),
(384, 53, 2, 'telephone', NULL),
(385, 53, 3, '전화기', NULL),
(386, 53, 4, 'teléfono', NULL),
(387, 53, 5, 'هاتف', NULL),
(388, 53, 6, 'hatfif', NULL),
(389, 53, 7, '電話', NULL),
(390, 53, 8, 'denwa', NULL),
(391, 53, 9, 'telefone', NULL),
(392, 53, 10, 'Telefon', NULL),
(393, 54, 2, 'book', NULL),
(394, 54, 3, '책', NULL),
(395, 54, 4, 'libro', NULL),
(396, 54, 5, 'كتاب', NULL),
(397, 54, 6, 'kitab', NULL),
(398, 54, 7, '本', NULL),
(403, 59, 2, 'foot', NULL),
(400, 54, 8, 'hon', NULL),
(401, 54, 9, 'livro', NULL),
(402, 54, 10, 'Buch', NULL),
(404, 59, 3, '발', NULL),
(405, 59, 4, 'pie', NULL),
(406, 59, 5, 'قدم', NULL),
(407, 59, 6, '9adam', NULL),
(408, 59, 7, 'あし', NULL),
(409, 59, 8, 'ashi', NULL),
(410, 59, 9, 'pé', NULL),
(411, 59, 10, 'Fuß', NULL),
(412, 60, 1, 'gauche', 0),
(413, 61, 1, 'droite', 0),
(414, 62, 1, 'haut', 0),
(415, 63, 1, 'bas', 0),
(416, 60, 2, 'left', NULL),
(417, 60, 3, '왼쪽', NULL),
(418, 60, 4, 'izquierda', NULL),
(419, 60, 5, 'يسار', NULL),
(420, 60, 6, 'yasar', NULL),
(421, 60, 7, '左', NULL),
(422, 60, 8, 'hidari', NULL),
(423, 60, 9, 'esquerda', NULL),
(424, 60, 10, 'links', NULL),
(425, 61, 2, 'right', NULL),
(426, 61, 3, '오른쪽', NULL),
(427, 61, 4, 'derecha', NULL),
(428, 61, 5, 'يمين', NULL),
(429, 61, 6, 'yamin', NULL),
(430, 61, 7, 'みぎ', NULL),
(431, 61, 8, 'migi', NULL),
(432, 61, 9, 'direita', NULL),
(433, 61, 10, 'rechts', NULL),
(434, 64, 1, 'au milieu', 0),
(435, 62, 2, 'up', NULL),
(436, 62, 3, '위', NULL),
(437, 62, 4, 'arriba', NULL),
(438, 62, 5, 'أعلى', NULL),
(439, 62, 6, 'a3laa', NULL),
(440, 62, 7, 'うえ', NULL),
(441, 62, 8, 'ue', NULL),
(442, 62, 9, 'acima', NULL),
(443, 62, 10, 'oben', NULL),
(444, 63, 2, 'down', NULL),
(445, 63, 3, '아래', NULL),
(446, 63, 4, 'abajo', NULL),
(447, 63, 5, 'أسفل', NULL),
(448, 63, 6, 'asfal', NULL),
(449, 63, 7, 'した', NULL),
(450, 63, 8, 'shita', NULL),
(451, 63, 9, 'abaixo', NULL),
(452, 63, 10, 'unten', NULL),
(453, 57, 2, 'hair', NULL),
(455, 57, 3, '머리카락', NULL),
(477, 66, 7, 'パーティー', NULL),
(457, 57, 4, 'cabello', NULL),
(476, 66, 6, '7aflah', NULL),
(459, 57, 5, 'شعر', NULL),
(461, 57, 6, 'sha3re', NULL),
(475, 66, 5, 'حفلة', NULL),
(463, 57, 7, 'かみ', NULL),
(474, 66, 4, 'fiesta', NULL),
(465, 57, 8, 'kami', NULL),
(473, 66, 3, '파티', NULL),
(467, 57, 9, 'cabelo', NULL),
(472, 66, 2, 'party', NULL),
(469, 57, 10, 'Haar', NULL),
(471, 66, 1, 'fête', 0),
(478, 66, 9, 'festa', NULL),
(479, 66, 10, 'Fest', NULL),
(480, 64, 2, 'in the middle', NULL),
(481, 64, 3, '가운데', NULL),
(482, 64, 4, 'en el medio', NULL),
(483, 64, 5, 'في الوسط', NULL),
(484, 64, 6, 'fi alwasat', NULL),
(485, 64, 7, 'ちゅうおう', NULL),
(486, 64, 8, 'chuuou', NULL),
(487, 64, 9, 'no meio', NULL),
(488, 64, 10, 'in der Mitte', NULL),
(489, 58, 2, 'hand', NULL),
(490, 58, 3, '손', NULL),
(491, 58, 4, 'mano', NULL),
(492, 58, 5, 'يد', NULL),
(493, 58, 6, 'yad', NULL),
(494, 58, 7, 'て', NULL),
(495, 58, 8, 'te', NULL),
(496, 58, 9, 'mão', NULL),
(497, 58, 10, 'Hand', NULL),
(498, 56, 2, 'shoes', NULL),
(499, 56, 3, '신발', NULL),
(500, 56, 4, 'zapatos', NULL),
(501, 56, 5, 'حذاء', NULL),
(502, 56, 6, '7ida2', NULL),
(503, 56, 7, 'くつ', NULL),
(504, 56, 8, 'kutsu', NULL),
(505, 56, 9, 'sapatos', NULL),
(506, 56, 10, 'Schuhe', NULL),
(507, 55, 2, 'pants', NULL),
(508, 55, 3, '바지', NULL),
(509, 55, 4, 'pantalón', NULL),
(510, 55, 5, 'بنطلون', NULL),
(511, 55, 6, 'bantalun', NULL),
(512, 55, 7, 'パンツ', NULL),
(513, 55, 8, 'pantsu', NULL),
(514, 55, 9, 'calça', NULL),
(515, 55, 10, 'Hose', NULL),
(516, 67, 1, 'bouteille', 0),
(517, 68, 1, 'mur', 0),
(518, 69, 1, 'eau', 0),
(519, 70, 1, 'balle', 0),
(520, 71, 1, 'ordinateur', 0),
(521, 72, 1, 'légume', 0),
(522, 73, 1, 'fruit', 0),
(523, 74, 1, 'pomme', 0),
(612, 74, 9, 'maçã', NULL),
(525, 76, 1, 'viande', 0),
(526, 76, 2, 'meat', NULL),
(527, 76, 3, '고기', NULL),
(528, 76, 4, 'carne', NULL),
(529, 76, 5, 'لحم', NULL),
(530, 76, 6, 'lahm', NULL),
(531, 76, 7, '肉', NULL),
(532, 76, 8, 'niku', NULL),
(533, 76, 9, 'carne', NULL),
(534, 76, 10, 'Fleisch', NULL),
(535, 72, 2, 'vegetable', NULL),
(536, 72, 3, '야채', NULL),
(537, 72, 4, 'verdura', NULL),
(538, 72, 5, 'خضار', NULL),
(539, 72, 6, 'khudra', NULL),
(540, 72, 7, '野菜', NULL),
(541, 72, 8, 'yasai', NULL),
(542, 72, 9, 'legume', NULL),
(543, 72, 10, 'Gemüse', NULL),
(544, 77, 1, 'couteau', 0),
(545, 77, 2, 'knife', NULL),
(546, 77, 3, '칼', NULL),
(547, 77, 4, 'cuchillo', NULL),
(548, 77, 5, 'سكين', NULL),
(549, 77, 6, 'sakin', NULL),
(550, 77, 7, 'ナイフ', NULL),
(551, 77, 8, 'naifu', NULL),
(552, 77, 9, 'faca', NULL),
(553, 77, 10, 'Messer', NULL),
(554, 78, 1, 'souvent', 0),
(555, 79, 1, 'jamais', 0),
(556, 80, 1, 'toujours', 0),
(557, 81, 1, 'important', 0),
(558, 82, 1, 'le savoir', 0),
(559, 79, 2, 'never', NULL),
(560, 79, 3, '절대', NULL),
(561, 79, 4, 'nunca', NULL),
(562, 79, 5, 'أبدا', NULL),
(563, 79, 6, 'abadan', NULL),
(564, 79, 7, '決して', NULL),
(565, 79, 7, 'けっして', NULL),
(566, 79, 8, 'kesshite', NULL),
(567, 79, 9, 'nunca', NULL),
(568, 79, 10, 'nie', NULL),
(569, 80, 2, 'always', NULL),
(570, 80, 3, '항상', NULL),
(571, 80, 4, 'siempre', NULL),
(572, 80, 5, 'دائما', NULL),
(573, 80, 6, 'daeman', NULL),
(574, 80, 7, 'いつも', NULL),
(575, 80, 8, 'itsumo', NULL),
(576, 80, 9, 'sempre', NULL),
(577, 80, 10, 'immer', NULL),
(578, 81, 2, 'important', NULL),
(579, 81, 3, '중요한', NULL),
(580, 81, 4, 'importante', NULL),
(581, 81, 5, 'هام', NULL),
(582, 81, 6, 'ham', NULL),
(583, 81, 7, '大切な', NULL),
(584, 81, 8, 'taisetsuna', NULL),
(585, 81, 9, 'importante', NULL),
(586, 81, 10, 'wichtig', NULL),
(587, 73, 2, 'fruit', NULL),
(611, 74, 8, 'ringo', NULL),
(589, 73, 3, '과일', NULL),
(591, 73, 4, 'fruta', NULL),
(610, 74, 7, 'りんご', NULL),
(593, 73, 5, 'فاكهة', NULL),
(595, 73, 6, 'fakiha', NULL),
(609, 74, 6, 'tuffāḥ', NULL),
(597, 73, 7, 'フルーツ', NULL),
(608, 74, 5, 'تفاحة', NULL),
(599, 73, 8, 'furūtsu', NULL),
(607, 74, 4, 'manzana', NULL),
(601, 73, 9, 'fruta', NULL),
(606, 74, 3, '사과', NULL),
(603, 73, 10, 'Frucht', NULL),
(605, 74, 2, 'apple', NULL),
(613, 74, 10, 'Apfel', NULL),
(614, 82, 2, 'knowledge', NULL),
(615, 82, 3, '지식', NULL),
(616, 82, 4, 'conocimiento', NULL),
(617, 82, 5, 'المعرفة', NULL),
(618, 82, 6, 'el-ma\'rifa', NULL),
(619, 82, 7, '知識', NULL),
(620, 82, 8, 'risho', NULL),
(621, 82, 9, 'conhecimento', NULL),
(622, 82, 10, 'Wissen', NULL),
(623, 83, 1, 'feu', 0),
(624, 69, 2, 'water', NULL),
(625, 69, 3, '물', NULL),
(626, 69, 4, 'agua', NULL),
(627, 69, 5, 'ماء', NULL),
(628, 69, 6, 'ma2', NULL),
(629, 69, 7, '水', NULL),
(630, 69, 8, 'mizu', NULL),
(631, 69, 9, 'água', NULL),
(632, 69, 10, 'Wasser', NULL),
(633, 83, 2, 'fire', NULL),
(634, 83, 3, '불', NULL),
(635, 83, 4, 'fuego', NULL),
(636, 83, 5, 'نار', NULL),
(637, 83, 6, 'nar', NULL),
(638, 83, 7, '火', NULL),
(639, 83, 8, 'hi', NULL),
(640, 83, 9, 'fogo', NULL),
(641, 83, 10, 'Feuer', NULL),
(642, 78, 2, 'often', NULL),
(643, 78, 3, '자주', NULL),
(644, 78, 4, 'a menudo', NULL),
(645, 78, 5, 'غالباً', NULL),
(646, 78, 6, 'ghaliban', NULL),
(647, 78, 7, 'よく', NULL),
(648, 78, 8, 'yoku', NULL),
(649, 78, 9, 'muitas vezes', NULL),
(650, 78, 10, 'oft', NULL),
(651, 71, 2, 'computer', NULL),
(652, 71, 3, '컴퓨터', NULL),
(653, 71, 4, 'computadora', NULL),
(654, 71, 5, 'حاسوب', NULL),
(655, 71, 6, 'hasub', NULL),
(656, 71, 7, 'コンピューター', NULL),
(657, 71, 8, 'konpyu-ta-', NULL),
(658, 71, 9, 'computador', NULL),
(659, 71, 10, 'Computer', NULL),
(660, 68, 2, 'wall', NULL),
(661, 68, 3, '벽', NULL),
(662, 68, 4, 'pared', NULL),
(663, 68, 5, 'حائط', NULL),
(664, 68, 6, 'ha\'it', NULL),
(665, 68, 7, '壁', NULL),
(666, 68, 8, 'kabe', NULL),
(667, 68, 9, 'parede', NULL),
(668, 68, 10, 'Mauer', NULL),
(669, 70, 2, 'ball', NULL),
(670, 70, 3, '공', NULL),
(671, 70, 4, 'pelota', NULL),
(672, 70, 5, 'كرة', NULL),
(673, 70, 6, 'kurah', NULL),
(674, 70, 7, 'ボール', NULL),
(675, 70, 8, 'boru', NULL),
(676, 70, 9, 'bola', NULL),
(677, 70, 10, 'Ball', NULL),
(678, 84, 1, 'assiette', 0),
(679, 67, 2, 'bottle', NULL),
(680, 67, 3, '병', NULL),
(681, 67, 4, 'botella', NULL),
(682, 67, 5, 'زجاجة', NULL),
(683, 67, 6, 'zjaja', NULL),
(684, 67, 7, 'びん', NULL),
(685, 67, 8, 'bin', NULL),
(686, 67, 9, 'garrafa', NULL),
(687, 67, 10, 'Flasche', NULL),
(688, 84, 2, 'plate', NULL),
(689, 84, 3, '접시', NULL),
(690, 84, 4, 'plato', NULL),
(691, 84, 5, 'طبق', NULL),
(692, 84, 6, 'tabaq', NULL),
(693, 84, 7, 'お皿', NULL),
(694, 84, 8, 'osara', NULL),
(695, 84, 9, 'prato', NULL),
(696, 84, 10, 'Teller', NULL),
(697, 85, 1, 'université', 0),
(698, 86, 1, 'mairie', 0),
(699, 87, 1, 'rue', 0),
(700, 88, 1, 'sol', 0),
(701, 89, 1, 'passage piéton', 0),
(702, 90, 1, 'tout le monde', 0),
(703, 91, 1, 'étudiant', 0),
(704, 85, 2, 'university', NULL),
(705, 85, 3, '대학교', NULL),
(706, 85, 4, 'universidad', NULL),
(707, 85, 5, 'الجامعة', NULL),
(708, 85, 6, 'aljamiuha', NULL),
(709, 85, 7, '大学', NULL),
(710, 85, 7, 'ダイガク', NULL),
(711, 85, 8, 'daigaku', NULL),
(712, 85, 9, 'universidade', NULL),
(713, 85, 10, 'Universität', NULL),
(714, 86, 2, 'city hall', NULL),
(715, 86, 2, 'city hall', NULL),
(716, 86, 3, '시청', NULL),
(717, 86, 4, 'ayuntamiento', NULL),
(718, 86, 5, 'البلدية', NULL),
(719, 86, 6, 'albaladia', NULL),
(720, 86, 7, '市役所', NULL),
(721, 86, 8, 'shiyakusho', NULL),
(722, 86, 9, 'prefeitura', NULL),
(723, 86, 10, 'Rathaus', NULL),
(724, 87, 2, 'street', NULL),
(725, 87, 3, '거리', NULL),
(726, 87, 4, 'calle', NULL),
(727, 87, 5, 'شارع', NULL),
(728, 87, 6, 'sharie', NULL),
(729, 87, 7, '道路', NULL),
(730, 87, 8, 'dōro', NULL),
(731, 87, 9, 'rua', NULL),
(732, 87, 10, 'Straße', NULL),
(733, 92, 1, 'maison', 0),
(734, 93, 1, 'porte', 0),
(735, 94, 1, 'fenêtre', 0),
(736, 95, 1, 'table', 0),
(737, 96, 1, 'chaise', 0),
(738, 88, 2, 'floor', NULL),
(739, 88, 3, '바닥', NULL),
(740, 88, 4, 'suelo', NULL),
(741, 88, 5, 'أرضية', NULL),
(742, 88, 6, 'ardiyyah', NULL),
(743, 88, 7, '床', NULL),
(744, 88, 8, 'yuka', NULL),
(745, 88, 9, 'chão', NULL),
(746, 88, 10, 'Boden', NULL),
(747, 89, 2, 'zebra crossing', NULL),
(748, 89, 3, '보행자 횡단보도', NULL),
(749, 89, 4, 'paso de peatones', NULL),
(750, 89, 5, 'عبور المشاة', NULL),
(751, 89, 6, 'abur alamshati', NULL),
(752, 89, 7, '歩道横断歩道', NULL),
(753, 89, 8, 'hodō ōdan hodo', NULL),
(754, 89, 9, 'passagem de pedestres', NULL),
(755, 89, 10, 'Fußgängerüberweg', NULL),
(756, 90, 2, 'everyone', NULL),
(757, 90, 3, '모두', NULL),
(758, 90, 4, 'todos', NULL),
(759, 90, 5, 'الجميع', NULL),
(760, 90, 6, 'aljami3', NULL),
(761, 90, 7, 'みんな', NULL),
(762, 90, 8, 'minna', NULL),
(763, 90, 9, 'todo mundo', NULL),
(764, 90, 10, 'jeder', NULL),
(765, 91, 2, 'student', NULL),
(766, 91, 3, '학생', NULL),
(767, 91, 4, 'estudiante', NULL),
(768, 91, 5, 'طالب', NULL),
(769, 91, 6, 'talib', NULL),
(770, 91, 7, '学生', NULL),
(771, 91, 8, 'gakusei', NULL),
(772, 91, 9, 'estudante', NULL),
(773, 91, 10, 'Student', NULL),
(774, 93, 2, 'door', NULL),
(775, 93, 3, '문', NULL),
(776, 93, 4, 'puerta', NULL),
(777, 93, 5, 'باب', NULL),
(778, 93, 6, 'bab', NULL),
(779, 93, 7, 'ドア', NULL),
(780, 93, 8, 'doa', NULL),
(781, 93, 9, 'porta', NULL),
(782, 93, 10, 'Tür', NULL),
(783, 92, 2, 'house', NULL),
(784, 92, 3, '집', NULL),
(785, 92, 4, 'casa', NULL),
(786, 92, 5, 'منزل', NULL),
(787, 92, 6, 'manzil', NULL),
(788, 92, 7, '家', NULL),
(789, 92, 7, 'いえ', NULL),
(790, 92, 8, 'ie', NULL),
(791, 92, 9, 'casa', NULL),
(792, 92, 10, 'Haus', NULL),
(793, 94, 2, 'window', NULL),
(794, 94, 3, '창문', NULL),
(795, 94, 4, 'ventana', NULL),
(796, 94, 5, 'نافذة', NULL),
(797, 94, 6, 'nafidha', NULL),
(798, 94, 7, '窓', NULL),
(799, 94, 7, 'まど', NULL),
(800, 94, 8, 'mado', NULL),
(801, 94, 9, 'janela', NULL),
(802, 94, 10, 'Fenster', NULL),
(803, 96, 2, 'chair', NULL),
(804, 96, 3, '의자', NULL),
(805, 96, 4, 'silla', NULL),
(806, 96, 5, 'كرسي', NULL),
(807, 96, 6, 'kursi', NULL),
(808, 96, 7, 'いす', NULL),
(809, 96, 8, 'isu', NULL),
(813, 95, 2, 'table', NULL),
(811, 96, 9, 'cadeira', NULL),
(812, 96, 10, 'Stuhl', NULL),
(814, 95, 3, '테이블', NULL),
(815, 95, 4, 'mesa', NULL),
(816, 95, 5, 'طاولة', NULL),
(817, 95, 6, 'tawilat', NULL),
(818, 95, 7, 'テーブル', NULL),
(823, 97, 1, 'le temps', 0),
(820, 95, 8, 'taburu', NULL),
(821, 95, 9, 'mesa', NULL),
(822, 95, 10, 'Tisch', NULL),
(824, 97, 2, 'time', NULL),
(825, 97, 3, '시간', NULL),
(826, 97, 4, 'tiempo', NULL),
(827, 97, 5, 'الوقت', NULL),
(828, 97, 6, 'alwaqt', NULL),
(829, 97, 7, '時間', NULL),
(830, 97, 8, 'jikan', NULL),
(831, 97, 9, 'tempo', NULL),
(832, 97, 10, 'Zeit', NULL),
(833, 98, 1, 'dance', 0),
(834, 99, 1, 'musique', 0),
(835, 98, 2, 'dance', NULL),
(836, 98, 3, '춤', NULL),
(837, 98, 4, 'baile', NULL),
(838, 98, 5, 'رقص', NULL),
(839, 98, 6, 'raqs', NULL),
(840, 98, 7, '踊り', NULL),
(841, 98, 8, 'odoru', NULL),
(842, 98, 9, 'dança', NULL),
(843, 98, 10, 'tanzen', NULL),
(844, 99, 2, 'music', NULL),
(845, 99, 3, '음악', NULL),
(846, 99, 4, 'música', NULL),
(847, 99, 5, 'موسيقى', NULL),
(848, 99, 6, 'mosiqa', NULL),
(849, 99, 7, '音楽', NULL),
(850, 99, 8, 'ongaku', NULL),
(851, 99, 9, 'música', NULL),
(852, 99, 10, 'Musik', NULL);

-- --------------------------------------------------------

--
-- Structure de la table `translations_cha`
--

DROP TABLE IF EXISTS `translations_cha`;
CREATE TABLE IF NOT EXISTS `translations_cha` (
  `id` int NOT NULL AUTO_INCREMENT,
  `character_id` int DEFAULT NULL,
  `alphabet_id` int DEFAULT NULL,
  `translation_cha` varchar(255) DEFAULT NULL,
  `difficulty_level` int DEFAULT NULL,
  PRIMARY KEY (`id`),
  KEY `character_id` (`character_id`),
  KEY `alphabet_id` (`alphabet_id`)
) ENGINE=MyISAM AUTO_INCREMENT=84 DEFAULT CHARSET=utf8mb4 COLLATE=utf8mb4_0900_ai_ci;

--
-- Déchargement des données de la table `translations_cha`
--

INSERT INTO `translations_cha` (`id`, `character_id`, `alphabet_id`, `translation_cha`, `difficulty_level`) VALUES
(1, 1, 1, 'a', 0),
(2, 2, 1, 'b', 0),
(3, 1, 2, 'أ', 0),
(4, 2, 2, 'ب', 0),
(5, 1, 3, 'あ', 0),
(6, 1, 3, 'ア', 0),
(7, 2, 3, 'ぶ', 0),
(8, 2, 3, 'ブ', 0),
(10, 8, 1, 'c', 0),
(11, 7, 1, 'c', 0),
(12, 9, 1, 'd', 0),
(13, 10, 1, 'e', 0),
(15, 12, 1, 'g', 0),
(16, 13, 1, 'k', 0),
(17, 14, 1, 'ka', 0),
(18, 15, 1, 'ma', 0),
(19, 16, 1, 'sa', 0),
(20, 17, 1, 'ta', 0),
(21, 18, 1, 'na', 0),
(22, 19, 1, 'ha', 0),
(23, 20, 1, 'ya', 0),
(24, 21, 1, 'ra', 0),
(25, 22, 1, 'wa', 0),
(26, 23, 1, 'ga', 0),
(27, 24, 1, 'da', 0),
(28, 25, 1, 'ba', 0),
(29, 26, 1, 'pa', 0),
(30, 27, 1, 'ja', 0),
(31, 28, 1, 'cha', 0),
(32, 15, 2, 'ما', 0),
(33, 15, 3, 'マ', 0),
(34, 15, 4, '마', 0),
(35, 14, 3, 'カ', 0),
(36, 14, 2, 'كَ', 0),
(37, 14, 4, '가', 0),
(38, 16, 3, 'サ', 0),
(39, 16, 2, 'سا', 0),
(40, 16, 4, '사', 0),
(41, 17, 3, 'タ', 0),
(42, 17, 2, 'تا', 0),
(43, 17, 4, '타', 0),
(45, 18, 3, 'ナ', 0),
(46, 18, 2, 'نا', 0),
(47, 18, 4, '나', 0),
(48, 19, 3, 'ハ', 0),
(49, 19, 2, 'ها', 0),
(50, 19, 4, '하', 0),
(51, 20, 3, 'ヤ', 0),
(52, 20, 2, 'يا', 0),
(53, 20, 4, '야', 0),
(54, 21, 3, 'ラ', 0),
(55, 21, 2, 'را', 0),
(56, 21, 4, '라', 0),
(57, 22, 3, 'ワ', 0),
(58, 22, 2, 'وا', 0),
(59, 22, 4, '와', 0),
(60, 23, 3, 'ガ', 0),
(61, 23, 2, 'كَ', 0),
(62, 23, 4, '가', 0),
(63, 24, 3, 'ダ', 0),
(64, 24, 2, 'دَ', 0),
(65, 24, 4, '다', 0),
(66, 25, 3, 'バ', 0),
(67, 25, 2, 'بَ', 0),
(68, 25, 4, '바', 0),
(69, 26, 3, 'パ', 0),
(70, 26, 2, 'بَ', 0),
(71, 26, 4, '파', 0),
(72, 27, 2, 'جَ', 0),
(73, 27, 4, '자', 0),
(74, 27, 3, 'ジャ', 0),
(75, 28, 3, 'チャ', 0),
(76, 28, 2, 'تشا', 0),
(77, 28, 4, '차', 0),
(78, 29, 1, 'sha', 0),
(79, 29, 3, 'シャ', 0),
(80, 29, 2, 'شا', 0),
(81, 29, 4, '차', 0);

-- --------------------------------------------------------

--
-- Structure de la table `users`
--

DROP TABLE IF EXISTS `users`;
CREATE TABLE IF NOT EXISTS `users` (
  `id` int NOT NULL AUTO_INCREMENT,
  `username` varchar(50) DEFAULT NULL,
  `password` varchar(255) DEFAULT NULL,
  `user_email` varchar(60) DEFAULT NULL,
  `created_at` datetime DEFAULT NULL,
  `user_source_language` int UNSIGNED DEFAULT NULL,
  `user_target_language` int UNSIGNED DEFAULT NULL,
  PRIMARY KEY (`id`),
  UNIQUE KEY `username` (`username`),
  UNIQUE KEY `user_email` (`user_email`),
  KEY `fk_user_latest_language` (`user_source_language`),
  KEY `fk_user_latest_language_two` (`user_target_language`)
) ENGINE=MyISAM AUTO_INCREMENT=18 DEFAULT CHARSET=utf8mb4 COLLATE=utf8mb4_0900_ai_ci;

--
-- Déchargement des données de la table `users`
--

INSERT INTO `users` (`id`, `username`, `password`, `user_email`, `created_at`, `user_source_language`, `user_target_language`) VALUES
(12, 'caramel3', '$2b$10$H1rlJnwf8mLaXpU5DiwoEuwmmoKgck1U0m36o6MaOD9Re5Uo7T2pe', 'caramel3@caramel3.caramel3', NULL, 4, 1),
(9, 'moshi9', '$2b$10$28bykMrBTVHX/8pBOWf30uqCuW7/rzyvT1zRwe8rAUEAql2Ti7JDG', 'moshimoshi2@moshi.moshi', NULL, 1, 2),
(10, 'caramel', '$2b$10$lSuKeZj0aE5/CQqhVzgZL.COXA1u2qOr3HiTz05B8J08TU0D/MJ1K', 'caramel@caramel.caramel', NULL, 1, 2),
(11, 'caramel2', '$2b$10$gJVPfxUOcHYqsXnk7E4Qmux43/hkqaNUzorwLN3hDnpY9G72PRcl.', 'caramel2@caramel2.caramel2', NULL, 1, 2),
(8, 'moshi', '$2b$10$ng1rMTxIPDC0Qa6GrW.9De2mUa5PYsJpyoOMD/tEiSvjij59rvDJ6', 'moshimoshi@moshi.moshi', NULL, 1, 2),
(13, 'cacabodin', '$2b$10$k8rr.LmZgAacH6wyeAvG8ufmil2BdXh.6EeApAzzarmtO9r0Kq5OS', 'prout@dddfd', NULL, 1, 2),
(14, 'rayanito', '$2b$10$lkEYK9bxYikX8GCKCJT86.BP4og0ZKzznhWVLNMchnXBY.tbLJtJe', 'rayanito@rayanito', NULL, 1, 6),
(15, 'rayanCATHO', '$2b$10$FNEPQNBRCDVpxSd21TLgS.B157VnFRjFwDb9sZfe/mmRDgzi1Dz.K', 'rayanCATHO@rayanCATHO', NULL, 1, 2),
(16, 'wailOblox', '$2b$10$.YCUCoFyagaybBQbcGpO/uNUP9ti12Tk.QOB042EZv8xWMCJR4R/G', 'wailOblox@wailOblox', NULL, 9, 9),
(17, 'caramel4', '$2b$10$Hoou/nx4cmq/F1EWyI4sNeTbC8GuyJWAS34qtDF0KQkmIuuLMm6Fm', 'caramel4@caramel4', NULL, 2, 1);

-- --------------------------------------------------------

--
-- Structure de la table `user_progress`
--

DROP TABLE IF EXISTS `user_progress`;
CREATE TABLE IF NOT EXISTS `user_progress` (
  `id` int NOT NULL AUTO_INCREMENT,
  `user_id` int DEFAULT NULL,
  `score` float DEFAULT NULL,
  `language_id` int DEFAULT NULL,
  PRIMARY KEY (`id`),
  KEY `user_id` (`user_id`),
  KEY `word_id` (`score`),
  KEY `language_id` (`language_id`)
) ENGINE=MyISAM AUTO_INCREMENT=125 DEFAULT CHARSET=utf8mb4 COLLATE=utf8mb4_0900_ai_ci;

--
-- Déchargement des données de la table `user_progress`
--

INSERT INTO `user_progress` (`id`, `user_id`, `score`, `language_id`) VALUES
(59, 10, 2, 1),
(56, 9, 100, 2),
(55, 9, 83, 1),
(51, 9, 40, 3),
(52, 9, 100, 4),
(53, 9, 100, 5),
(54, 9, 100, 6),
(60, 10, 5.5, 2),
(61, 10, 0, 3),
(62, 10, 0, 6),
(63, 10, 0, 4),
(64, 10, 0, 5),
(65, 11, 4.75, 1),
(66, 11, 52, 2),
(67, 11, 3.125, 3),
(68, 11, 30, 4),
(69, 11, 73.625, 5),
(70, 11, 1.75, 6),
(71, 12, 23.375, 1),
(72, 12, 45.375, 2),
(73, 12, 5002.75, 3),
(74, 12, 3.625, 4),
(75, 12, 4.625, 5),
(76, 12, 0.875, 6),
(77, 13, 2.75, 1),
(78, 13, 1.875, 2),
(79, 13, 0, 3),
(80, 13, 0.75, 4),
(81, 13, 0, 5),
(82, 13, 0, 6),
(83, 13, 0.125, 7),
(84, 13, 0, 8),
(85, 12, 0.375, 7),
(86, 12, 1.375, 8),
(87, 14, 2.75, 1),
(88, 14, 0, 3),
(89, 14, 0.125, 2),
(90, 14, 0.75, 5),
(91, 14, 0.125, 8),
(92, 14, 1.625, 6),
(93, 14, 0, 4),
(94, 14, 0.125, 7),
(95, 15, 0.625, 1),
(96, 15, 1, 2),
(97, 15, 0, 6),
(98, 15, 0, 7),
(99, 15, 0.75, 8),
(100, 15, 1.125, 4),
(101, 15, 2.25, 5),
(102, 15, 0, 3),
(103, 16, 0.75, 1),
(104, 16, 0.75, 2),
(105, 16, 0, 3),
(106, 16, 0, 4),
(107, 16, 0, 5),
(108, 16, 0, 6),
(109, 16, 0, 7),
(110, 16, 0, 8),
(111, 16, 0, 9),
(112, 16, 0, 10),
(113, 12, 0.625, 9),
(114, 12, 0, 10),
(115, 17, 1.875, 1),
(116, 17, 0, 7),
(117, 17, 0, 5),
(118, 17, 2.125, 2),
(119, 17, 0, 8),
(120, 17, 0, 9),
(121, 17, 0.25, 4),
(122, 17, 0, 3),
(123, 17, 0, 6),
(124, 17, 0, 10);

-- --------------------------------------------------------

--
-- Structure de la table `words`
--

DROP TABLE IF EXISTS `words`;
CREATE TABLE IF NOT EXISTS `words` (
  `id` int NOT NULL AUTO_INCREMENT,
  `language_id` int DEFAULT NULL,
  `word` varchar(255) DEFAULT NULL,
  `specialization` varchar(30) DEFAULT NULL,
  PRIMARY KEY (`id`),
  KEY `language_id` (`language_id`)
) ENGINE=MyISAM AUTO_INCREMENT=100 DEFAULT CHARSET=utf8mb4 COLLATE=utf8mb4_0900_ai_ci;

--
-- Déchargement des données de la table `words`
--

INSERT INTO `words` (`id`, `language_id`, `word`, `specialization`) VALUES
(1, 1, 'chien', NULL),
(2, 1, 'chat', NULL),
(3, 1, 'bonjour', NULL),
(5, 1, 'merci', NULL),
(14, 1, 'fille', NULL),
(13, 1, 'garçon', NULL),
(15, 1, 'au revoir', NULL),
(16, 1, 'frère', NULL),
(17, 1, 'sœur', NULL),
(18, 1, 'fils', NULL),
(19, 1, 'demain', NULL),
(20, 1, 'manger', 'isVerb'),
(21, 1, 'boire', 'isVerb'),
(22, 1, 'moi', NULL),
(23, 1, 'donner', 'isVerb'),
(24, 1, 's\'il te plaît', NULL),
(25, 1, 'excusez-moi', NULL),
(26, 1, 'Comment allez-vous?', 'isSentence'),
(27, 1, 'Je vais bien', 'isSentence'),
(28, 1, 'Et toi?', NULL),
(29, 1, 'Oui', NULL),
(30, 1, 'Non', NULL),
(31, 1, 'Peut-être', NULL),
(32, 1, 'Aujourd\'hui', NULL),
(33, 1, 'Hier', NULL),
(34, 1, 'Maintenant', NULL),
(35, 1, 'Plus tard', NULL),
(36, 1, 'Matin', NULL),
(37, 1, 'Après-midi', NULL),
(38, 1, 'Soir', NULL),
(39, 1, 'Nuit', NULL),
(40, 1, 'Semaine', NULL),
(41, 1, 'Mois', NULL),
(42, 1, 'école', NULL),
(43, 1, 'professeur', NULL),
(44, 1, 'entreprise', NULL),
(45, 1, 'football', NULL),
(46, 1, 'science', NULL),
(47, 1, 'gentil', NULL),
(48, 1, 'mignon', NULL),
(49, 1, 'gros', NULL),
(50, 1, 'grand', NULL),
(51, 1, 'fort', NULL),
(52, 1, 'faible', NULL),
(53, 1, 'téléphone', NULL),
(54, 1, 'livre', NULL),
(55, 1, 'pantalon', NULL),
(56, 1, 'chaussures', NULL),
(57, 1, 'cheveux', NULL),
(58, 1, 'main', NULL),
(59, 1, 'pied', NULL),
(60, 1, 'gauche', NULL),
(61, 1, 'droite', NULL),
(62, 1, 'en haut', NULL),
(63, 1, 'en bas', NULL),
(64, 1, 'au milieu', NULL),
(66, 1, 'fête', NULL),
(67, 1, 'bouteille', NULL),
(68, 1, 'mur', NULL),
(69, 1, 'eau', NULL),
(70, 1, 'balle', NULL),
(71, 1, 'ordinateur', NULL),
(72, 1, 'légume', NULL),
(73, 1, 'fruit', NULL),
(74, 1, 'pomme', NULL),
(83, 1, 'feu', NULL),
(76, 1, 'viande', NULL),
(77, 1, 'couteau', NULL),
(78, 1, 'souvent', NULL),
(79, 1, 'jamais', NULL),
(80, 1, 'toujours', NULL),
(81, 1, 'important', NULL),
(82, 1, 'le savoir', NULL),
(84, 1, 'assiette', NULL),
(85, 1, 'université', NULL),
(86, 1, 'mairie', NULL),
(87, 1, 'rue', NULL),
(88, 1, 'sol', NULL),
(89, 1, 'passage piéton', NULL),
(90, 1, 'tout le monde', NULL),
(91, 1, 'étudiant', NULL),
(92, 1, 'maison', NULL),
(93, 1, 'porte', NULL),
(94, 1, 'fenêtre', NULL),
(95, 1, 'table', NULL),
(96, 1, 'chaise', NULL),
(97, 1, 'le temps', NULL),
(98, 1, 'danse', NULL),
(99, 1, 'musique', NULL);
COMMIT;

/*!40101 SET CHARACTER_SET_CLIENT=@OLD_CHARACTER_SET_CLIENT */;
/*!40101 SET CHARACTER_SET_RESULTS=@OLD_CHARACTER_SET_RESULTS */;
/*!40101 SET COLLATION_CONNECTION=@OLD_COLLATION_CONNECTION */;
